City_ID,City,Country,Lat,Lng,Max Temp,Humidity,Cloudiness,Wind Speed,Current Description
0,Ayan,RU,56.45,138.1667,59.05,89,70,8.59,broken clouds
1,Polignano A Mare,IT,40.9959,17.2159,77.72,75,0,13.73,clear sky
2,Saint-Philippe,RE,-21.3585,55.7679,71.11,77,42,13.76,scattered clouds
3,Shetpe,KZ,44.1667,52.1167,76.37,67,0,5.59,clear sky
4,East London,ZA,-33.0153,27.9116,57.24,63,19,14.29,few clouds
5,Kapaa,US,22.0752,-159.319,84.52,70,20,12.66,few clouds
6,Norman Wells,CA,65.282,-126.8329,68.04,42,40,11.5,scattered clouds
7,Mar Del Plata,AR,-38.0023,-57.5575,53.1,85,0,10.0,clear sky
8,Busselton,AU,-33.65,115.3333,56.14,70,79,10.58,broken clouds
9,Dingle,PH,10.9995,122.6711,81.91,82,100,5.73,overcast clouds
10,Port Elizabeth,ZA,-33.918,25.5701,52.09,80,0,14.97,clear sky
11,Hamilton,US,39.1834,-84.5333,76.05,66,0,5.75,clear sky
12,Yulara,AU,-25.2406,130.9889,63.59,49,14,14.03,few clouds
13,Avera,US,33.194,-82.5271,80.55,64,39,8.68,scattered clouds
14,Buique,BR,-8.6231,-37.1558,65.3,95,98,3.6,overcast clouds
15,Port Alfred,ZA,-33.5906,26.891,50.18,79,3,5.01,clear sky
16,Ibra,OM,22.6906,58.5334,80.19,65,91,4.97,overcast clouds
17,Puro,PH,12.4841,123.3827,84.09,74,97,12.08,overcast clouds
18,Ushuaia,AR,-54.8,-68.3,44.26,61,40,13.8,scattered clouds
19,Westport,US,41.1415,-73.3579,82.44,57,0,8.05,clear sky
20,Saint-Joseph,RE,-21.3667,55.6167,70.11,76,37,13.13,scattered clouds
21,Harper,LR,4.375,-7.7169,75.07,81,100,7.85,overcast clouds
22,Albany,US,42.6001,-73.9662,74.05,63,0,8.39,clear sky
23,Hithadhoo,MV,-0.6,73.0833,80.37,75,100,15.23,moderate rain
24,Saldanha,ZA,-33.0117,17.9442,41.05,77,10,9.28,clear sky
25,Casambalangan,PH,18.3765,122.1274,85.66,70,98,2.24,overcast clouds
26,Hilo,US,19.7297,-155.09,88.29,81,75,10.36,broken clouds
27,Castro,BR,-24.7911,-50.0119,46.92,72,5,3.31,clear sky
28,Keetmanshoop,NA,-26.5833,18.1333,44.08,69,82,2.73,broken clouds
29,Thompson,CA,55.7435,-97.8558,68.16,40,75,6.91,broken clouds
30,Hobyo,SO,5.3505,48.5268,74.95,85,83,24.14,broken clouds
31,Yellowknife,CA,62.456,-114.3525,57.72,82,100,6.91,light intensity shower rain
32,Kaitangata,NZ,-46.2817,169.8464,42.91,90,97,10.13,overcast clouds
33,Welwyn Garden City,GB,51.8017,-0.2069,70.25,82,40,11.5,scattered clouds
34,Verkhnyaya Inta,RU,65.9811,60.3094,59.47,62,27,13.91,scattered clouds
35,Alyangula,AU,-13.8483,136.4192,76.93,65,5,5.39,clear sky
36,Punta Arenas,CL,-53.15,-70.9167,41.11,70,0,21.85,clear sky
37,Torbay,CA,47.6666,-52.7314,67.57,91,100,11.5,overcast clouds
38,Ribeira Grande,PT,38.5167,-28.7,73.9,70,15,0.43,few clouds
39,Tuktoyaktuk,CA,69.4541,-133.0374,46.4,71,75,4.61,broken clouds
40,San Patricio,US,28.017,-97.5169,91.54,58,18,13.96,few clouds
41,La Ronge,CA,55.1001,-105.2842,64.65,59,100,6.91,overcast clouds
42,Rikitea,PF,-23.1203,-134.9692,72.7,75,5,15.61,clear sky
43,Tekeli,KZ,44.83,78.8239,61.77,69,100,7.47,overcast clouds
44,Atuona,PF,-9.8,-139.0333,76.95,77,13,14.47,few clouds
45,Mount Gambier,AU,-37.8333,140.7667,51.71,71,100,17.27,overcast clouds
46,Faya,SA,18.3851,42.4509,68.11,61,100,4.61,overcast clouds
47,Severo-Kurilsk,RU,50.6789,156.125,57.25,81,26,7.34,scattered clouds
48,Mataura,NZ,-46.1927,168.8643,42.71,95,97,6.17,overcast clouds
49,Salalah,OM,17.0151,54.0924,75.29,94,75,5.75,broken clouds
50,Fengzhen,CN,40.4394,113.1536,75.11,56,0,8.61,clear sky
51,Aklavik,CA,68.2191,-135.0107,52.27,64,100,10.27,overcast clouds
52,Danielskuil,ZA,-28.1887,23.5395,37.83,85,100,5.21,overcast clouds
53,Barrow,US,71.2906,-156.7887,35.62,87,100,6.91,overcast clouds
54,Karasjok,NO,69.4719,25.5112,47.89,80,100,6.17,overcast clouds
55,Nouadhibou,MR,20.931,-17.0347,71.58,88,40,8.05,scattered clouds
56,Boa Vista,BR,2.8197,-60.6733,76.98,83,20,4.61,few clouds
57,Havre-Saint-Pierre,CA,50.2334,-63.5986,59.36,88,75,16.11,broken clouds
58,Tabuk,PH,17.4189,121.4443,82.29,74,100,2.84,overcast clouds
59,Bethel,US,41.3712,-73.414,80.96,62,0,6.91,clear sky
60,Narsaq,GL,60.9167,-46.05,53.82,92,28,3.47,scattered clouds
61,Airai,TL,-8.9266,125.4092,67.95,59,35,4.18,scattered clouds
62,Namibe,AO,-15.1961,12.1522,60.66,90,12,7.83,few clouds
63,Muros,ES,42.7762,-9.0603,70.09,68,0,12.15,clear sky
64,Cape Town,ZA,-33.9258,18.4232,50.11,94,75,3.44,light rain
65,Lompoc,US,34.6391,-120.4579,87.01,72,0,13.8,clear sky
66,Buraydah,SA,26.326,43.975,90.05,39,100,4.99,overcast clouds
67,Mahebourg,MU,-20.4081,57.7,70.25,88,75,13.8,broken clouds
68,Saskylakh,RU,71.9167,114.0833,54.01,95,100,9.8,moderate rain
69,Nuuk,GL,64.1835,-51.7216,48.81,76,100,10.36,overcast clouds
70,Katsuura,JP,35.1333,140.3,86.02,71,5,11.97,clear sky
71,Meulaboh,ID,4.1363,96.1285,78.33,83,71,2.06,broken clouds
72,Matam,SN,15.6175,-13.3303,75.2,94,0,2.3,clear sky
73,Chilca,PE,-12.5211,-76.7372,60.39,87,28,6.87,scattered clouds
74,Kurilsk,RU,45.2333,147.8833,63.36,94,100,14.72,overcast clouds
75,Maniitsoq,GL,65.4167,-52.9,44.46,85,47,12.3,scattered clouds
76,Hermanus,ZA,-34.4187,19.2345,45.81,70,58,5.64,light rain
77,Porosozero,RU,62.7191,32.727,48.29,98,100,5.59,overcast clouds
78,Pevek,RU,69.7008,170.3133,47.39,65,26,9.08,scattered clouds
79,Ninotsminda,GE,41.2646,43.5916,51.35,84,27,5.03,scattered clouds
80,College,US,64.8569,-147.8028,77.0,38,100,4.61,overcast clouds
81,Itumbiara,BR,-18.4192,-49.2153,71.06,46,0,2.89,clear sky
82,Kez,RU,57.8979,53.7152,57.33,80,14,2.28,few clouds
83,Wilmington,US,34.2257,-77.9447,82.31,86,0,3.44,clear sky
84,Laurel,US,39.0993,-76.8483,82.9,70,0,4.61,clear sky
85,Kununurra,AU,-15.7667,128.7333,75.18,41,10,5.75,clear sky
86,Arraial Do Cabo,BR,-22.9661,-42.0278,67.19,67,5,14.79,clear sky
87,Malanje,AO,-9.5402,16.341,61.16,79,0,4.59,clear sky
88,Amguri,IN,26.8,94.5333,79.52,90,94,3.06,overcast clouds
89,Hobart,AU,-42.8794,147.3294,51.66,75,75,5.75,light rain
90,Bengkulu,ID,-3.8004,102.2655,76.78,86,94,3.87,overcast clouds
91,Moss Point,US,30.4116,-88.5345,87.82,75,0,0.0,clear sky
92,Berlevag,NO,70.8578,29.0864,50.0,100,100,16.11,mist
93,Nikolskoye,RU,59.7035,30.7861,55.8,97,4,4.72,clear sky
94,Sitka,US,57.0531,-135.33,60.69,88,100,0.0,light intensity drizzle
95,Batemans Bay,AU,-35.7167,150.1833,58.78,46,100,7.61,overcast clouds
96,Asfi,MA,32.2994,-9.2372,74.44,70,0,11.9,clear sky
97,Saint-Pierre,RE,-21.3393,55.4781,71.19,72,20,6.91,few clouds
98,Roma,US,43.2128,-75.4557,69.94,77,0,6.91,clear sky
99,Pasni,PK,25.2631,63.471,81.27,83,100,11.07,overcast clouds
100,Samarai,PG,-10.6167,150.6667,80.8,80,2,11.23,clear sky
101,Mwinilunga,ZM,-11.7358,24.4293,56.21,46,4,1.23,clear sky
102,Bluff,NZ,-46.6,168.3333,47.44,75,54,15.97,broken clouds
103,Ilulissat,GL,69.2167,-51.1,51.82,71,100,12.66,overcast clouds
104,Sao Filipe,CV,14.8961,-24.4956,77.68,79,100,6.91,overcast clouds
105,Campos Altos,BR,-19.6961,-46.1714,60.3,55,0,3.74,clear sky
106,Udachnyy,RU,66.4167,112.4,72.1,65,61,4.09,broken clouds
107,Hofn,IS,64.2539,-15.2082,49.73,58,63,10.4,broken clouds
108,Fairbanks,US,64.8378,-147.7164,77.02,37,20,4.61,few clouds
109,Jamestown,US,42.097,-79.2353,71.24,64,0,5.75,clear sky
110,Lorengau,PG,-2.0226,147.2712,83.8,69,100,10.13,overcast clouds
111,Elizabeth City,US,36.2946,-76.2511,80.62,73,0,5.75,clear sky
112,Dayong,CN,25.0209,118.2898,87.62,66,0,2.15,clear sky
113,Baglung,NP,28.2719,83.5898,71.56,95,100,0.18,overcast clouds
114,Khatanga,RU,71.9667,102.5,45.88,91,100,11.79,moderate rain
115,Madimba,TZ,-10.4,40.3333,69.26,90,2,3.18,clear sky
116,Gigmoto,PH,13.7796,124.39,84.02,78,100,10.51,overcast clouds
117,Kodiak,US,57.79,-152.4072,62.11,77,100,9.22,overcast clouds
118,Kristianstad,SE,56.0313,14.1524,56.95,96,100,1.01,fog
119,Las Cruces,US,32.3123,-106.7783,95.38,26,75,10.36,broken clouds
120,Ulladulla,AU,-35.35,150.4667,57.56,48,100,8.01,overcast clouds
121,Husavik,IS,66.0449,-17.3389,42.76,93,100,19.69,overcast clouds
122,Souillac,MU,-20.5167,57.5167,68.38,88,75,13.8,light rain
123,New Norfolk,AU,-42.7826,147.0587,51.89,59,100,6.96,light rain
124,Dikson,RU,73.5069,80.5464,41.36,94,100,9.69,overcast clouds
125,Rensvik,NO,63.1,7.8167,59.27,88,100,6.91,light rain
126,Kattivakkam,IN,13.2167,80.3167,83.07,87,72,9.13,broken clouds
127,Lufilufi,WS,-13.8745,-171.5986,87.58,80,23,19.75,light rain
128,Fort Madison,US,40.6298,-91.3151,81.21,53,100,3.44,overcast clouds
129,Chokurdakh,RU,70.6333,147.9167,66.94,45,2,6.08,clear sky
130,Cascais,PT,38.6979,-9.4215,78.51,63,0,3.0,clear sky
131,Vaini,TO,-21.2,-175.2,80.76,83,40,11.5,scattered clouds
132,Inhambane,MZ,-23.865,35.3833,64.29,86,0,6.4,clear sky
133,Dongli,CN,23.5656,116.8194,87.78,79,0,0.0,mist
134,Mazatlan,MX,23.2167,-106.4167,88.92,82,22,5.01,few clouds
135,Chuy,UY,-33.6971,-53.4616,48.63,81,16,3.87,few clouds
136,Cherskiy,RU,68.75,161.3,66.02,39,71,16.84,broken clouds
137,Santa Rosa De Viterbo,BR,-21.4728,-47.3631,58.53,37,1,2.64,clear sky
138,Kiama,AU,-34.6833,150.8667,57.58,63,100,8.99,overcast clouds
139,Butaritari,KI,3.0707,172.7902,81.0,74,86,15.86,overcast clouds
140,Vila Velha,BR,-20.3297,-40.2925,71.55,64,75,9.22,broken clouds
141,Longyearbyen,SJ,78.2186,15.6401,49.84,81,75,3.44,broken clouds
142,Avarua,CK,-21.2078,-159.775,78.85,73,75,21.85,broken clouds
143,Nishihara,JP,26.1842,127.7558,82.06,92,75,5.75,light rain
144,Ponta Do Sol,PT,32.6667,-17.1,73.0,84,7,6.22,clear sky
145,Cidreira,BR,-30.1811,-50.2056,53.89,80,0,6.08,clear sky
146,Qaanaaq,GL,77.484,-69.3632,44.78,61,24,2.35,few clouds
147,Ixtapa,MX,20.7,-105.2,87.03,66,40,8.05,scattered clouds
148,Clyde River,CA,70.4692,-68.5914,37.63,100,100,11.5,light rain
149,Maceio,BR,-9.6658,-35.7353,76.44,88,75,4.61,broken clouds
150,Figeac,FR,44.75,1.9167,61.18,75,0,3.06,clear sky
151,Kavieng,PG,-2.5744,150.7967,84.99,63,88,11.01,overcast clouds
152,Panzhihua,CN,26.5851,101.7128,68.83,94,100,1.41,overcast clouds
153,Nogent-Le-Rotrou,FR,48.3333,1.0,61.65,91,6,4.25,clear sky
154,Pisco,PE,-13.7,-76.2167,61.02,82,0,12.66,clear sky
155,Carnarvon,AU,-24.8667,113.6333,61.52,52,4,17.9,clear sky
156,Faanui,PF,-16.4833,-151.75,79.23,70,10,22.62,light rain
157,Sakakah,SA,29.9697,40.2064,89.17,12,49,3.04,scattered clouds
158,Adrar,MR,20.5022,-10.0711,90.45,36,5,5.61,clear sky
159,Khasan,RU,42.4308,130.6434,75.65,89,100,3.98,overcast clouds
160,Lasa,IT,46.6166,10.7002,61.68,81,7,5.91,clear sky
161,Tongliao,CN,43.6125,122.2653,81.43,67,2,13.04,clear sky
162,Terrace Bay,CA,48.7834,-87.1,49.87,92,28,6.4,scattered clouds
163,Upernavik,GL,72.7868,-56.1549,44.85,82,100,4.52,overcast clouds
164,Leh,IN,34.1667,77.5833,60.12,62,11,8.03,few clouds
165,Grindavik,IS,63.8424,-22.4338,49.95,87,75,6.91,broken clouds
166,Saint-Augustin,CA,51.226,-58.6502,61.97,83,21,9.64,few clouds
167,Lagoa,PT,39.05,-27.9833,72.59,71,0,5.97,clear sky
168,Upata,VE,8.0086,-62.3989,75.2,97,100,3.76,overcast clouds
169,Sayyan,YE,15.1718,44.3244,58.24,80,100,4.81,overcast clouds
170,Erzin,TR,36.9559,36.2,73.35,71,1,1.77,clear sky
171,Tessalit,ML,20.1986,1.0114,88.23,36,85,15.37,overcast clouds
172,Saint-Max,FR,48.7043,6.21,69.35,67,0,8.05,clear sky
173,Puerto Ayora,EC,-0.7393,-90.3518,71.55,89,60,5.01,broken clouds
174,Auki,SB,-8.7676,160.7034,86.65,59,39,4.23,scattered clouds
175,Vestmanna,FO,62.1564,-7.1664,47.32,87,75,5.75,broken clouds
176,Marawi,PH,7.9986,124.2928,75.15,84,100,0.87,overcast clouds
177,Bonavista,CA,48.6499,-53.1147,62.56,93,100,15.48,overcast clouds
178,Aksarayskiy,RU,46.7924,48.0119,76.84,53,9,6.6,clear sky
179,Huanan,CN,46.2167,130.5167,79.3,74,100,7.09,overcast clouds
180,Nanortalik,GL,60.1432,-45.2371,44.17,89,94,3.74,overcast clouds
181,Mandurah,AU,-32.55,115.7,58.15,63,84,7.49,broken clouds
182,Biak,ID,-0.9131,122.8766,78.84,84,94,5.21,overcast clouds
183,Saposoa,PE,-6.934,-76.7716,73.38,76,12,3.29,few clouds
184,Mayo,US,38.8876,-76.5119,82.81,74,0,3.44,clear sky
185,Salinopolis,BR,-0.6136,-47.3561,78.6,85,100,9.91,overcast clouds
186,Vao,NC,-22.6667,167.4833,67.73,74,99,26.4,overcast clouds
187,Kaele,CM,10.1092,14.4508,71.24,89,100,5.3,overcast clouds
188,Whitehorse,CA,60.7161,-135.0538,73.02,41,75,13.8,broken clouds
189,Santa Maria,BR,-29.6842,-53.8069,49.3,100,0,2.3,clear sky
190,Saint George,US,37.1041,-113.5841,97.95,29,0,3.44,clear sky
191,Sobolevo,RU,54.4299,31.8996,52.52,84,44,4.09,scattered clouds
192,Tasiilaq,GL,65.6145,-37.6368,42.96,63,54,6.13,broken clouds
193,Mount Isa,AU,-20.7333,139.5,69.57,43,100,9.22,overcast clouds
194,Bredasdorp,ZA,-34.5322,20.0403,44.96,87,16,5.14,few clouds
195,Hervey Bay,AU,-25.2986,152.8535,68.02,71,97,3.0,overcast clouds
196,Richards Bay,ZA,-28.783,32.0377,60.94,90,16,3.87,few clouds
197,Douglas,US,41.3,-96.167,81.48,51,0,9.22,clear sky
198,Padang,ID,-0.9492,100.3543,75.25,76,17,3.47,few clouds
199,Klaksvik,FO,62.2266,-6.589,49.12,80,2,13.0,clear sky
200,Post Falls,US,47.718,-116.9516,102.76,14,0,6.91,clear sky
201,Komsomolskiy,UZ,40.4272,71.7189,79.52,38,100,4.61,overcast clouds
202,Mandalgovi,MN,45.7625,106.2708,73.02,27,95,8.86,overcast clouds
203,Bambous Virieux,MU,-20.3428,57.7575,70.21,88,75,13.8,light rain
204,Geraldton,AU,-28.7667,114.6,50.41,87,0,11.5,clear sky
205,Dzhebariki-Khaya,RU,62.2167,135.8,75.97,54,100,6.96,overcast clouds
206,Provideniya,RU,64.3833,-173.3,53.53,65,98,6.31,overcast clouds
207,Shimoda,JP,34.6667,138.95,91.11,71,0,12.48,clear sky
208,Lodja,CD,-3.4833,23.4333,73.65,67,29,2.44,scattered clouds
209,Kunhegyes,HU,47.3667,20.6333,67.98,85,9,11.07,clear sky
210,Harrison,US,30.4091,-89.0436,87.82,77,40,11.5,scattered clouds
211,Dandong,CN,40.1292,124.3947,76.73,94,100,1.34,overcast clouds
212,Krasnoselkup,RU,65.7,82.4667,50.11,67,0,22.97,clear sky
213,Cayenne,GF,4.9333,-52.3333,79.09,1,77,2.3,broken clouds
214,Chicontepec,MX,20.9667,-98.1667,71.47,79,96,5.28,overcast clouds
215,Birjand,IR,32.8663,59.2211,72.07,43,0,4.61,clear sky
216,Comodoro Rivadavia,AR,-45.8667,-67.5,42.66,52,0,9.22,clear sky
217,Luderitz,NA,-26.6481,15.1594,52.57,64,0,20.13,clear sky
218,Broken Hill,AU,-31.95,141.4333,57.2,38,100,15.14,light rain
219,Vila Franca Do Campo,PT,37.7167,-25.4333,70.21,84,21,5.23,few clouds
220,Sao Joao Da Barra,BR,-21.6403,-41.0511,65.01,70,0,8.21,clear sky
221,Naron,ES,43.5167,-8.1528,67.59,89,1,9.46,clear sky
222,Varkkallai,IN,8.7341,76.7067,76.78,94,60,6.26,broken clouds
223,Bawku,GH,11.0616,-0.2417,79.09,74,100,5.35,overcast clouds
224,The Valley,AI,18.217,-63.0578,84.06,83,31,21.47,scattered clouds
225,Bereznik,RU,62.8551,42.7072,52.66,96,0,2.08,clear sky
226,Lubango,AO,-14.9172,13.4925,54.16,51,0,4.63,clear sky
227,Yining,CN,29.0361,114.5636,84.22,73,10,1.05,clear sky
228,Zhanakorgan,KZ,43.9098,67.2495,71.56,50,0,7.92,clear sky
229,Zabol,AF,32.25,67.25,73.42,64,9,14.16,clear sky
230,Hualmay,PE,-11.0964,-77.6139,62.33,82,10,9.53,clear sky
231,Rivne,UA,50.6231,26.2274,64.47,65,100,9.62,overcast clouds
232,Kurikka,FI,62.6167,22.4167,54.03,82,90,4.43,overcast clouds
233,Chicama,PE,-7.8447,-79.1469,59.54,82,44,5.88,scattered clouds
234,Georgetown,MY,5.4112,100.3354,82.89,93,20,3.44,few clouds
235,Ishigaki,JP,24.3448,124.1572,84.33,89,75,4.61,light intensity shower rain
236,Ossora,RU,59.2353,163.0719,57.34,82,94,14.14,light rain
237,Ligayan,PH,4.6533,119.4706,82.96,74,100,5.39,overcast clouds
238,Storsteinnes,NO,69.2408,19.2344,51.39,71,99,5.48,overcast clouds
239,Sao Geraldo Do Araguaia,BR,-6.4006,-48.555,78.93,51,2,2.48,clear sky
240,Rocha,UY,-34.4833,-54.3333,47.1,83,100,4.21,overcast clouds
241,Homer,US,59.6425,-151.5483,59.04,94,100,8.05,overcast clouds
242,Shuyskoye,RU,59.3736,41.0305,51.35,96,22,3.15,few clouds
243,Rawson,AR,-43.3002,-65.1023,45.77,54,100,7.25,overcast clouds
244,Saravan,AM,39.7196,45.6483,59.72,79,9,6.15,clear sky
245,Chipoka,MW,-13.9933,34.5157,67.01,47,0,4.34,clear sky
246,Smithers,CA,54.7804,-127.1743,82.72,44,40,2.3,scattered clouds
247,Tiksi,RU,71.6872,128.8694,50.52,72,100,3.51,overcast clouds
248,Arman,RU,59.7,150.1667,54.73,95,100,5.88,light rain
249,Gazli,UZ,40.1333,63.45,80.76,31,0,8.39,clear sky
250,Gushikawa,JP,26.3544,127.8686,81.99,90,75,5.75,moderate rain
251,Stokmarknes,NO,68.5646,14.9108,48.18,93,0,2.3,clear sky
252,Manacapuru,BR,-3.2997,-60.6206,77.0,77,26,4.5,scattered clouds
253,Goroka,PG,-6.0834,145.3873,76.06,52,99,2.35,overcast clouds
254,Mareeba,AU,-17.0,145.4333,73.44,69,70,7.52,broken clouds
255,Eyl,SO,7.9803,49.8164,75.2,77,100,20.49,overcast clouds
256,Buribay,RU,51.9617,58.1592,62.4,69,100,5.84,overcast clouds
257,Tevaitoa,PF,-16.7833,-151.5,78.82,71,8,23.26,light rain
258,Zhigansk,RU,66.7697,123.3711,71.51,67,100,13.8,light rain
259,Lavrentiya,RU,65.5833,-171.0,48.29,71,100,4.59,overcast clouds
260,Fiumicino,IT,41.7675,12.2291,80.64,87,0,2.3,clear sky
261,Polessk,RU,54.862,21.1028,62.96,75,100,9.95,overcast clouds
262,Coquimbo,CL,-29.9533,-71.3436,55.13,94,75,5.75,broken clouds
263,Sukhumi,GE,43.0033,41.0153,71.22,90,66,3.31,broken clouds
264,Griffith,US,41.5284,-87.4237,78.89,63,0,4.61,clear sky
265,Bonthe,SL,7.5264,-12.505,75.49,77,39,6.62,scattered clouds
266,Tuatapere,NZ,-46.1333,167.6833,46.38,81,88,10.02,light rain
267,Bontang,ID,0.1333,117.5,75.33,94,100,8.19,light rain
268,Sharjah,AE,25.3573,55.4033,91.38,66,0,6.91,clear sky
269,Moa,CU,20.6569,-74.9403,80.35,82,5,11.77,clear sky
270,Terenos,BR,-20.4422,-54.8603,64.11,63,0,3.44,clear sky
271,Taltal,CL,-25.4,-70.4833,56.91,80,18,3.74,few clouds
272,Kondinskoye,RU,59.6481,67.41,62.22,86,93,7.2,light rain
273,North Bend,US,43.4065,-124.2243,80.24,94,100,9.22,overcast clouds
274,Tayu,ID,-6.5397,111.0518,80.02,70,100,7.74,overcast clouds
275,Ancud,CL,-41.8697,-73.8203,42.22,86,100,3.06,overcast clouds
276,Yurginskoye,RU,56.8189,67.3921,58.84,94,1,4.45,clear sky
277,Gawler,AU,-34.6,138.7333,53.11,89,100,11.27,overcast clouds
278,Esperance,AU,-33.8667,121.9,50.29,74,36,17.43,scattered clouds
279,Porto Uniao,BR,-26.2381,-51.0783,44.6,80,6,0.87,clear sky
280,North Platte,US,41.1239,-100.7654,85.12,51,0,11.5,clear sky
281,Boende,CD,-0.2167,20.8667,72.05,86,94,0.74,overcast clouds
282,Felipe Carrillo Puerto,MX,19.5833,-88.05,77.22,85,100,2.86,overcast clouds
283,Kingaroy,AU,-26.5333,151.8333,58.55,66,100,10.98,overcast clouds
284,Lata,PT,40.1629,-8.3327,70.11,56,0,3.49,clear sky
285,Ust-Kulom,RU,61.6864,53.6902,61.92,70,98,1.54,overcast clouds
286,Nome,US,64.5011,-165.4064,63.16,51,0,11.5,clear sky
287,Benghazi,LY,32.1167,20.0667,80.42,77,0,13.24,clear sky
288,Rio Gallegos,AR,-51.6226,-69.2181,37.45,70,0,11.5,clear sky
289,Lebu,CL,-37.6167,-73.65,47.88,87,96,3.98,overcast clouds
290,Kaeo,NZ,-35.1,173.7833,59.32,70,49,12.86,scattered clouds
291,Vestmannaeyjar,IS,63.4427,-20.2734,50.0,76,10,14.52,clear sky
292,Anloga,GH,5.7947,0.8973,74.64,87,100,14.88,overcast clouds
293,Margate,GB,51.3813,1.3862,66.87,85,98,1.99,overcast clouds
294,Walvis Bay,NA,-22.9575,14.5053,53.1,93,1,6.91,clear sky
295,Pingliang,CN,35.5392,106.6861,73.58,75,18,3.58,few clouds
296,Asau,RO,46.4333,26.4,63.52,91,100,4.54,overcast clouds
297,Viedma,AR,-40.8135,-62.9967,45.39,64,100,5.61,overcast clouds
298,Burns Lake,CA,54.2331,-125.7533,85.42,26,35,5.77,scattered clouds
299,Thalheim,DE,50.7,12.85,56.05,91,13,4.23,few clouds
300,Omboue,GA,-1.5746,9.2618,72.05,89,46,4.94,scattered clouds
301,Toropets,RU,56.4978,31.6353,48.69,87,1,2.59,clear sky
302,Paramonga,PE,-10.6667,-77.8333,62.26,84,12,9.1,few clouds
303,Paita,PE,-5.0892,-81.1144,63.81,85,0,14.74,clear sky
304,Druzhba,UA,52.0428,33.9453,57.58,74,99,5.82,overcast clouds
305,Micoud,LC,13.8167,-60.9,82.4,81,40,19.57,scattered clouds
306,Sola,VU,-13.8833,167.55,83.07,84,100,0.0,overcast clouds
307,Cabatuan,PH,10.8794,122.486,83.43,75,98,6.13,overcast clouds
308,Balykshi,KZ,47.0667,51.8667,68.0,49,0,6.71,clear sky
309,Jardim,BR,-21.4803,-56.1381,62.46,51,0,2.77,clear sky
310,Necochea,AR,-38.5473,-58.7368,51.26,73,100,8.08,overcast clouds
311,Bolobo,CD,-2.1667,16.2333,77.22,52,4,3.78,clear sky
312,Graham,US,47.0529,-122.2943,97.83,34,0,5.99,clear sky
313,Along,IN,28.1667,94.7667,76.42,97,96,0.51,overcast clouds
314,Sinnamary,GF,5.3833,-52.95,78.06,85,84,8.1,broken clouds
315,Port Hardy,CA,50.6996,-127.4199,77.18,61,20,14.97,few clouds
316,Malandag,PH,6.3094,125.2428,76.44,96,100,0.6,overcast clouds
317,Kloulklubed,PW,7.0419,134.2556,82.9,75,100,10.07,overcast clouds
318,Katyuzhanka,UA,50.806,30.1376,66.58,56,100,9.19,overcast clouds
319,Fortuna,US,40.5982,-124.1573,71.92,75,20,12.66,few clouds
320,Wonthaggi,AU,-38.6044,145.5913,53.82,54,100,17.16,overcast clouds
321,Tuy Hoa,VN,13.0833,109.3,84.4,70,100,8.61,overcast clouds
322,Asosa,ET,10.0667,34.5333,58.41,97,93,1.21,overcast clouds
323,Verkhnevilyuysk,RU,63.4453,120.3167,72.93,67,7,3.76,clear sky
324,Ostrovnoy,RU,68.0531,39.5131,55.42,94,33,5.32,scattered clouds
325,Manta,EC,-0.95,-80.7333,74.98,83,100,8.05,overcast clouds
326,Mitu,CO,1.1983,-70.1733,71.06,99,95,2.44,overcast clouds
327,Oberndorf,DE,48.2905,8.5722,64.65,70,98,1.9,overcast clouds
328,Nador,MA,35.174,-2.9287,80.85,89,100,4.61,overcast clouds
329,Itoman,JP,26.1247,127.6694,82.78,91,75,4.61,broken clouds
330,Buchanan,LR,5.8808,-10.0467,74.35,79,11,5.7,few clouds
331,Sulangan,PH,11.1373,123.7228,83.44,73,100,8.08,overcast clouds
332,Chirilagua,SV,13.2203,-88.1386,87.49,80,100,3.15,light rain
333,Port Lincoln,AU,-34.7333,135.8667,55.6,71,58,22.62,broken clouds
334,Garmsar,IR,35.2182,52.3409,84.18,26,18,7.47,few clouds
335,Carutapera,BR,-1.195,-46.02,76.64,89,41,6.08,scattered clouds
336,Can,TR,40.0333,27.0524,66.09,94,0,2.3,clear sky
337,Marhaura,IN,25.9667,84.8667,78.73,71,100,3.85,light rain
338,Verin,ES,41.9415,-7.4381,69.57,64,0,2.64,clear sky
339,Port-Gentil,GA,-0.7193,8.7815,73.85,83,24,8.48,few clouds
340,Zhangye,CN,38.9342,100.4517,78.26,36,89,3.44,overcast clouds
341,Anito,PH,12.4497,125.2886,83.89,73,100,6.51,overcast clouds
342,Ongandjera,NA,-17.8833,15.0667,55.38,37,7,9.37,clear sky
343,Beringovskiy,RU,63.05,179.3167,51.91,67,100,5.95,overcast clouds
344,Outjo,NA,-20.1167,16.15,51.19,38,9,7.18,clear sky
345,Ajaccio,FR,42.0,8.9167,71.65,88,0,5.75,clear sky
346,Ambon,ID,-3.6954,128.1814,78.94,94,40,3.44,light rain
347,Laguna,US,38.421,-121.4238,97.92,45,0,11.5,clear sky
348,Oranjemund,NA,-28.55,16.4333,50.88,80,14,13.31,few clouds
349,Iqaluit,CA,63.7506,-68.5145,40.73,100,100,11.5,light rain
350,Pemberton,CA,50.3164,-122.8027,98.29,18,0,5.06,clear sky
351,Bandarbeyla,SO,9.4942,50.8122,75.6,77,60,25.21,broken clouds
352,Sioux Lookout,CA,50.1001,-91.917,80.67,47,75,5.75,broken clouds
353,Shache,CN,38.4167,77.2406,72.72,32,100,17.94,overcast clouds
354,Lincoln,US,40.8,-96.667,84.13,49,0,8.05,clear sky
355,Nova Russas,BR,-4.7067,-40.5631,74.97,83,97,2.82,overcast clouds
356,Dunedin,NZ,-45.8742,170.5036,47.8,68,100,11.99,overcast clouds
357,Roald,NO,62.5833,6.1333,63.52,88,100,3.44,light rain
358,Annau,TM,37.8876,58.516,78.3,65,75,6.91,broken clouds
359,Jumla,NP,29.2747,82.1838,62.87,94,77,0.51,broken clouds
360,Jingdezhen,CN,29.2947,117.2079,85.59,72,17,1.23,few clouds
361,Kahului,US,20.8947,-156.47,91.42,43,40,20.71,scattered clouds
362,Lishu,CN,43.3047,124.3278,79.83,80,2,10.69,clear sky
363,Khash,IR,28.2211,61.2158,76.89,63,100,3.98,overcast clouds
364,Danville,US,36.586,-79.395,82.78,68,0,0.0,clear sky
365,Umm Lajj,SA,25.0213,37.2685,86.31,49,49,8.37,scattered clouds
366,Oktyabrskiy,RU,54.4815,53.471,58.37,85,28,2.04,scattered clouds
367,Strezhevoy,RU,60.7333,77.5889,66.13,78,100,11.12,overcast clouds
368,Bubaque,GW,11.2833,-15.8333,79.29,79,91,15.95,overcast clouds
369,Arcachon,FR,44.5875,-1.0519,64.72,94,0,4.61,clear sky
370,Anadyr,RU,64.75,177.4833,59.5,55,20,6.71,few clouds
371,Pangody,RU,65.85,74.4859,50.05,66,7,16.4,clear sky
372,Payo,ID,-3.7508,103.6372,74.48,90,100,1.34,overcast clouds
373,Tilichiki,RU,60.4667,166.1,51.8,84,100,7.16,light rain
374,Kulu,TR,39.0951,33.0799,69.76,36,0,6.38,clear sky
375,Chazuta,PE,-6.5742,-76.1367,79.65,76,13,0.56,few clouds
376,Coahuayana,MX,18.7333,-103.6833,81.39,79,100,1.81,overcast clouds
377,Clinton,US,42.587,-82.9199,81.05,63,20,8.05,few clouds
378,Baykit,RU,61.67,96.37,71.76,81,3,4.12,clear sky
379,Mubi,NG,10.2676,13.2644,67.98,94,74,2.06,broken clouds
380,Victoria,HK,22.2855,114.1577,87.96,83,27,4.0,light rain
381,Shingu,JP,33.7333,135.9833,86.97,62,27,5.03,scattered clouds
382,Wahiawa,US,21.5028,-158.0236,86.32,60,75,18.41,broken clouds
383,Amlagora,IN,22.8333,87.3333,84.94,73,100,7.25,overcast clouds
384,San Jeronimo,PE,-11.9472,-75.2829,51.06,64,2,4.99,clear sky
385,Cabo San Lucas,MX,22.8909,-109.9124,91.62,61,10,5.01,clear sky
386,Kalmunai,LK,7.4167,81.8167,78.22,82,100,3.71,overcast clouds
387,Filadelfia,US,39.9523,-75.1638,84.67,52,0,8.05,clear sky
388,Praia Da Vitoria,PT,38.7333,-27.0667,71.85,88,0,4.47,clear sky
389,Leningradskiy,RU,69.3833,178.4167,49.98,64,74,6.51,broken clouds
390,Batticaloa,LK,7.7102,81.6924,78.57,82,100,3.91,overcast clouds
391,Fort Nelson,CA,58.8053,-122.7002,69.39,56,75,0.0,broken clouds
392,Songjianghe,CN,42.1859,127.479,75.36,79,100,2.68,overcast clouds
393,Hasaki,JP,35.7333,140.8333,91.29,69,7,1.92,clear sky
394,Havre,FR,49.5833,0.3333,64.8,88,100,12.66,overcast clouds
395,Awbari,LY,26.5921,12.7805,81.97,23,0,6.49,clear sky
396,Mehamn,NO,71.0357,27.8492,49.95,100,100,8.05,light intensity drizzle
397,Imeni Poliny Osipenko,RU,52.4201,136.4853,70.03,70,90,4.21,overcast clouds
398,Kabare,CD,-2.4683,28.8242,59.47,91,10,1.07,light rain
399,Kruisfontein,ZA,-34.0033,24.7314,49.46,81,88,12.64,light rain
400,Puttur,IN,12.7667,75.2167,78.91,98,49,1.01,scattered clouds
401,Yumen,CN,40.2833,97.2,82.02,21,95,8.61,overcast clouds
402,Kyshtovka,RU,56.555,76.6271,63.03,85,100,5.5,overcast clouds
403,Port Blair,IN,11.6667,92.75,78.84,94,40,2.3,drizzle
404,Makakilo City,US,21.3469,-158.0858,88.12,54,75,21.85,broken clouds
405,Dickinson,US,29.4608,-95.0513,91.09,69,20,13.8,few clouds
406,Gwadar,PK,25.1216,62.3254,80.98,84,100,8.55,overcast clouds
407,Namatanai,PG,-3.6667,152.4333,83.97,68,82,9.1,light rain
408,Dewas,IN,22.9667,76.0667,71.78,90,93,6.89,overcast clouds
409,Mineros,BO,-17.1167,-63.2333,65.93,48,3,4.21,clear sky
410,Kabinda,CD,-6.1333,24.4833,73.65,55,100,2.77,overcast clouds
411,Nuevo Progreso,MX,23.1667,-97.95,85.53,69,10,9.91,clear sky
412,Barinas,VE,8.6226,-70.2075,78.84,89,64,4.61,broken clouds
413,Fontenay-Le-Comte,FR,46.5833,-1.0,65.84,92,0,5.82,clear sky
414,Kosh-Agach,RU,50.0,88.6667,57.78,59,100,1.03,overcast clouds
415,Santa Marta De Tormes,ES,40.9506,-5.6272,72.99,50,3,3.0,clear sky
416,Vostok,RU,46.4856,135.8833,74.97,75,100,2.8,overcast clouds
417,Cumbal,CO,0.9088,-77.7915,45.0,95,49,4.38,scattered clouds
418,Juegang,CN,32.3174,121.1855,86.92,80,28,14.38,scattered clouds
419,Cabo Rojo,PR,18.0866,-67.1457,83.25,86,25,1.99,scattered clouds
420,Los Llanos De Aridane,ES,28.6585,-17.9182,71.35,90,100,16.11,overcast clouds
421,Winton,US,37.3894,-120.6133,96.98,33,0,6.91,clear sky
422,Eureka,US,40.8021,-124.1637,72.19,81,67,3.0,broken clouds
423,Kalininsk,RU,51.5,44.4758,62.42,89,100,9.17,overcast clouds
424,Maragogi,BR,-9.0122,-35.2225,75.4,88,100,8.5,overcast clouds
425,Betsiamites,CA,48.9413,-68.646,71.69,79,73,7.78,broken clouds
426,Okhotsk,RU,59.3833,143.3,58.53,88,100,13.02,overcast clouds
427,Chisindia,RO,46.2833,22.1,64.56,98,100,3.74,heavy intensity rain
428,Sciacca,IT,37.5082,13.0881,81.03,55,0,7.31,clear sky
429,Constitucion,CL,-35.3333,-72.4167,51.89,87,98,4.99,overcast clouds
430,Pantai Remis,MY,4.4557,100.6288,77.02,82,100,5.44,overcast clouds
431,Codrington,AU,-38.2667,141.9667,50.14,76,100,20.31,overcast clouds
432,Khuldabad,IN,20.05,75.1833,70.72,87,52,4.5,broken clouds
433,Eusebio,BR,-3.89,-38.4506,78.94,88,20,4.61,few clouds
434,Perigueux,FR,45.1833,0.7167,64.76,72,0,3.94,clear sky
435,Tura,IN,25.5198,90.2201,74.16,98,100,4.18,light rain
436,Camacha,PT,33.0833,-16.3333,67.42,83,40,12.66,scattered clouds
437,Erdenet,MN,49.0333,104.0833,65.53,59,8,4.41,clear sky
438,Arona,ES,28.0996,-16.681,69.91,72,0,5.75,clear sky
439,Indian Trail,US,35.0768,-80.6692,84.54,89,75,0.0,broken clouds
440,Olafsvik,IS,64.8945,-23.7142,48.61,76,1,6.49,clear sky
441,Savannah Bight,HN,16.45,-85.85,82.94,80,78,20.85,broken clouds
442,Abrau-Dyurso,RU,44.69,37.59,72.86,76,0,7.78,clear sky
443,Salina,US,38.8403,-97.6114,78.94,61,100,12.66,overcast clouds
444,Jega,NG,12.2175,4.3792,75.4,76,100,10.49,light rain
445,Tarancon,ES,40.0085,-3.0073,72.93,65,0,17.92,clear sky
446,Nuevo Casas Grandes,MX,30.4167,-107.9167,82.74,44,55,4.0,broken clouds
447,Raudeberg,NO,61.9875,5.1352,55.96,89,100,17.45,overcast clouds
448,Tommot,RU,58.9564,126.2925,79.77,47,46,4.72,scattered clouds
449,Touros,BR,-5.1989,-35.4608,75.94,86,99,13.31,overcast clouds
450,Constantine,DZ,36.365,6.6147,74.61,53,0,3.44,clear sky
451,Sheltozero,RU,61.3667,35.3667,50.94,93,76,8.46,broken clouds
452,Sao Francisco,BR,-15.9486,-44.8644,70.59,36,0,3.76,clear sky
453,Vanimo,PG,-2.6741,141.3028,84.9,66,12,5.61,few clouds
454,Luba,GQ,3.4568,8.5547,76.89,88,100,8.66,light rain
455,Langarud,IR,37.197,50.1535,76.59,80,86,0.98,overcast clouds
456,Ust-Tsilma,RU,65.441,52.1498,59.29,93,100,5.77,light rain
457,Shahe,CN,39.2708,113.5478,74.17,64,0,2.68,clear sky
458,Lima,PE,-12.0432,-77.0282,60.91,81,75,13.8,broken clouds
459,Ciudad Guayana,VE,8.3533,-62.6528,78.53,90,100,5.23,overcast clouds
460,Santana Do Livramento,BR,-30.8908,-55.5328,47.5,81,77,3.38,broken clouds
461,Neiafu,TO,-18.65,-173.9833,83.08,74,40,13.8,scattered clouds
462,Chisinau,MD,47.0056,28.8575,71.92,78,0,6.91,clear sky
463,Kieta,PG,-6.2167,155.6333,85.33,65,6,7.58,light rain
464,Cap Malheureux,MU,-19.9842,57.6142,70.47,61,100,7.0,overcast clouds
465,Vila,PT,42.0304,-8.1588,63.48,73,0,5.48,clear sky
466,Hagere Hiywet,ET,8.9833,37.85,55.02,94,57,4.5,broken clouds
467,Touba,CI,8.2833,-7.6833,68.65,92,100,3.38,overcast clouds
468,Ipanema,BR,-30.1391,-51.2244,55.38,79,0,5.75,clear sky
469,Lazaro Cardenas,MX,17.9583,-102.2,82.49,74,100,2.39,overcast clouds
470,Ivankiv,UA,50.9386,29.8943,68.65,55,100,9.13,overcast clouds
471,Hay River,CA,60.8156,-115.7999,66.18,52,25,6.91,scattered clouds
472,Bilma,NE,18.6853,12.9164,88.21,33,20,7.43,few clouds
473,Munai,PH,7.9758,124.0636,78.04,74,100,1.23,overcast clouds
474,Bentiu,SS,9.2333,29.8333,71.47,90,100,3.71,overcast clouds
475,Makushino,RU,55.2103,67.2442,59.7,92,32,6.93,scattered clouds
476,Smirnykh,RU,49.75,142.8333,59.58,92,100,5.64,overcast clouds
477,Dehui,CN,44.5333,125.7,79.75,81,1,10.56,clear sky
478,Artsvanist,AM,40.1544,45.5022,58.84,82,21,6.08,few clouds
479,Tortoli,IT,39.9256,9.6572,80.42,44,0,9.22,clear sky
480,Nola,IT,40.922,14.5329,79.39,84,0,1.97,clear sky
481,Tocopilla,CL,-22.092,-70.1979,61.25,74,17,9.89,few clouds
482,Beloha,MG,-25.1667,45.05,64.0,83,4,3.15,clear sky
483,Riyadh,SA,24.6877,46.7219,91.54,46,100,7.85,overcast clouds
484,Gabu,GW,12.2833,-14.2167,72.03,99,88,3.98,overcast clouds
485,Usinsk,RU,65.9939,57.5281,52.61,75,50,8.28,scattered clouds
486,San Ignacio,BZ,17.1561,-89.0714,76.33,87,16,4.34,few clouds
487,Gamba,GA,-2.65,10.0,72.1,86,81,5.06,broken clouds
488,Aykhal,RU,66.0,111.5,69.73,73,78,5.73,light rain
489,Marzuq,YE,14.4,46.4667,69.01,85,100,7.67,heavy intensity rain
490,Inuvik,CA,68.3499,-133.7218,54.36,69,75,3.44,broken clouds
491,Port Antonio,JM,18.18,-76.4612,87.71,80,0,4.05,clear sky
492,Sakti,IN,22.0333,82.9667,83.05,75,100,4.18,overcast clouds
493,Tahe,CN,52.3333,124.7333,77.07,60,100,6.62,overcast clouds
494,Bakchar,RU,57.0186,82.0711,65.43,81,8,2.21,clear sky
495,Yoichi,JP,43.2039,140.7703,78.64,80,94,12.68,light rain
496,Rorvik,NO,64.8621,11.2373,58.5,81,100,8.03,overcast clouds
497,Labuhan,ID,-6.8844,112.2051,78.6,74,93,8.99,overcast clouds
498,Taoudenni,ML,22.6783,-3.9836,96.89,26,94,11.68,overcast clouds
499,Omsukchan,RU,62.5333,155.8,54.16,57,92,10.67,overcast clouds
500,Luganville,VU,-15.5333,167.1667,81.95,69,98,4.7,overcast clouds
501,Oytal,KZ,42.9057,73.2697,67.51,61,37,4.09,scattered clouds
502,Pandegelang,ID,-6.31,106.1058,77.27,78,16,1.66,few clouds
503,Martigny,CH,46.0833,7.0833,64.24,80,6,2.71,clear sky
504,Mayumba,GA,-3.432,10.6554,71.19,92,100,5.91,overcast clouds
505,Butajira,ET,8.1167,38.3667,56.23,93,53,3.89,light rain
506,Riohacha,CO,11.5444,-72.9072,84.31,74,0,9.22,clear sky
507,San Cristobal,VE,7.7669,-72.225,75.38,93,20,3.27,few clouds
508,Goderich,CA,43.7501,-81.7165,73.72,56,5,5.75,clear sky
509,Arlit,NE,18.7369,7.3853,93.02,11,29,7.14,scattered clouds
510,Itarema,BR,-2.9248,-39.9167,78.03,81,26,11.32,scattered clouds
511,Tiznit,MA,29.5833,-9.5,86.58,19,0,2.42,clear sky
512,Lai,TD,9.3952,16.2989,71.17,95,100,4.83,light rain
513,Astoria,US,46.1879,-123.8313,83.46,72,0,7.0,clear sky
514,Pareora,NZ,-44.4871,171.2132,50.18,48,75,10.0,broken clouds
515,Bay Roberts,CA,47.5999,-53.2648,68.32,95,100,7.0,overcast clouds
516,Darab,IR,28.7519,54.5444,80.73,62,100,3.36,overcast clouds
517,Abramovka,RU,51.1886,41.0202,59.5,73,19,6.82,few clouds
518,Yar-Sale,RU,66.8333,70.8333,50.18,69,45,11.74,scattered clouds
519,Urengoy,RU,65.9667,78.3667,50.18,66,0,17.38,clear sky
520,Rafaela,AR,-31.2503,-61.4867,55.99,43,85,1.99,overcast clouds
521,Sant Julia De Loria,AD,42.4625,1.4825,68.11,90,0,5.26,clear sky
522,El Tigre,VE,8.8875,-64.2454,78.8,68,100,12.26,overcast clouds
523,Santiago De Cao,PE,-7.9589,-79.2392,60.93,88,100,10.36,fog
524,Yuci,CN,37.6803,112.7319,74.95,73,6,2.24,haze
525,Mahanoro,MG,-19.9,48.8,63.9,91,2,4.16,clear sky
526,Alofi,NU,-19.0595,-169.9187,80.49,74,9,14.97,clear sky
527,Wucheng,CN,29.6008,118.175,83.93,81,8,1.88,clear sky
528,Churapcha,RU,62.0025,132.4325,79.54,54,58,9.17,broken clouds
529,Tazovskiy,RU,67.4667,78.7,45.09,78,2,15.01,clear sky
530,Deputatskiy,RU,69.3,139.9,63.82,62,100,3.58,overcast clouds
531,Solnechnyy,RU,50.7214,136.6319,72.54,64,62,6.53,broken clouds
532,San Jose,US,37.3394,-121.895,81.86,62,75,12.66,broken clouds
533,Corner Brook,CA,48.9667,-57.9484,66.36,95,100,4.63,overcast clouds
534,Berkak,NO,62.825,10.0118,54.05,78,98,3.04,overcast clouds
535,Alice Springs,AU,-23.7,133.8833,69.22,32,91,8.05,overcast clouds
536,Mocuba,MZ,-16.8392,36.9856,61.16,97,0,2.71,clear sky
537,Karratha,AU,-20.7377,116.8463,75.42,41,10,7.16,clear sky
538,Maningrida,AU,-12.0667,134.2667,82.31,50,51,9.89,broken clouds
539,Mackay,AU,-21.15,149.2,69.67,71,100,18.75,overcast clouds
540,Rovaniemi,FI,66.5,25.7167,51.21,93,100,5.75,overcast clouds
541,Horizontina,BR,-27.6258,-54.3078,48.56,85,63,3.13,broken clouds
542,Toamasina,MG,-18.1667,49.3833,64.4,94,20,0.0,few clouds
543,Beira,MZ,-19.8436,34.8389,62.69,94,0,4.61,clear sky
544,Altay,CN,47.8667,88.1167,71.1,46,61,2.75,broken clouds
545,Bundaberg,AU,-24.85,152.35,66.22,69,100,5.01,overcast clouds
546,Aksarka,RU,66.5606,67.7975,50.43,71,64,9.82,broken clouds
547,Walajapet,IN,12.9333,79.3833,79.56,80,79,3.27,broken clouds
548,Jinxiang,CN,27.4327,120.6062,86.13,68,0,0.47,clear sky
549,Ponto Novo,BR,-10.8628,-40.1336,71.49,66,14,6.67,few clouds
550,Bayan,CN,46.0833,127.4,80.47,75,26,7.67,scattered clouds
551,Zhanjiang,CN,21.2815,110.3427,86.2,70,95,4.25,overcast clouds
552,Haifa,IL,32.8156,34.9892,73.2,88,17,3.13,few clouds
553,Redmond,US,47.674,-122.1215,97.88,41,0,3.0,clear sky
554,Kon Tum,VN,14.35,108.0,75.72,90,95,1.39,overcast clouds
555,Emerald,AU,-23.5333,148.1667,64.35,58,100,20.49,overcast clouds
556,Palauig,PH,15.435,119.9045,83.17,77,100,11.43,overcast clouds
557,Tomatlan,MX,19.9333,-105.25,83.46,71,100,3.78,overcast clouds
558,Teluk Nibung,ID,3.001,99.8164,78.94,83,100,6.8,overcast clouds
559,Pacifica,US,37.6138,-122.4869,74.73,90,75,19.57,mist
560,Chapleau,CA,47.8405,-83.4034,69.89,60,20,8.05,few clouds
561,Tamworth,GB,52.634,-1.6959,65.62,90,100,4.0,moderate rain
562,Poum,NC,-20.2333,164.0167,72.73,72,10,22.91,clear sky
563,Trairi,BR,-3.2778,-39.2689,77.07,83,100,8.16,overcast clouds
564,Prachuap Khiri Khan,TH,12.2167,99.75,83.59,81,100,5.55,overcast clouds
565,Kasulu,TZ,-4.5767,30.1025,67.39,68,92,1.72,overcast clouds
566,Aksay,RU,47.26,39.87,73.62,47,99,9.17,overcast clouds
567,Boo,SE,59.3333,18.2833,65.59,66,12,6.91,few clouds
568,Mikhaylovskoye,RU,51.8239,79.7172,65.98,77,18,5.93,few clouds
569,Gouloure,BF,12.2306,-1.9289,82.13,77,25,6.33,scattered clouds
570,Neka,IR,36.6508,53.299,73.11,84,0,1.68,clear sky
571,Talnakh,RU,69.4865,88.3972,47.21,85,100,16.73,overcast clouds
572,Healesville,AU,-37.65,145.5167,55.9,55,100,15.99,overcast clouds
573,Bourail,NC,-21.5667,165.4833,67.57,78,100,13.11,overcast clouds
574,Port Hawkesbury,CA,45.6169,-61.3485,66.96,95,20,5.75,few clouds
575,Keti Bandar,PK,24.1447,67.4497,81.39,81,99,19.01,overcast clouds
576,Djenne,ML,13.9061,-4.5533,79.03,67,67,6.26,broken clouds
577,Shenjiamen,CN,29.9576,122.298,83.21,75,9,6.53,clear sky
578,Pontal Do Parana,BR,-25.6533,-48.5128,55.24,83,9,1.83,clear sky
579,Tete,MZ,-16.1564,33.5867,63.84,58,0,1.74,clear sky
580,Patacamaya,BO,-17.2333,-67.9167,50.31,41,70,5.88,broken clouds
581,Vardo,NO,70.3705,31.1107,51.78,93,100,12.66,mist
582,Seybaplaya,MX,19.65,-90.6667,82.02,74,89,11.5,overcast clouds
583,Isangel,VU,-19.55,169.2667,78.91,83,75,4.61,broken clouds
584,Buenos Aires,AR,-34.6132,-58.3772,56.93,79,0,2.3,clear sky
585,Inta,RU,66.0317,60.1659,59.5,63,21,13.94,few clouds
586,Assiniboia,CA,49.6334,-105.9845,73.22,56,56,16.11,broken clouds
587,Marsa Matruh,EG,31.3525,27.2453,77.2,83,0,6.91,clear sky
588,Rabo De Peixe,PT,37.8,-25.5833,69.31,83,20,6.91,few clouds
589,Ust-Omchug,RU,61.15,149.6333,52.38,80,100,4.76,light rain
590,Gravdal,NO,68.1214,13.5031,57.79,67,4,9.15,clear sky
591,Kirakira,SB,-10.4544,161.9205,85.05,66,8,9.35,clear sky
592,Yenagoa,NG,4.9247,6.2642,72.84,96,100,3.78,light rain
593,Ulcinj,ME,41.9294,19.2244,75.42,74,3,4.16,clear sky
594,San Pedro De Cajas,PE,-11.2511,-75.8617,39.61,93,34,2.39,scattered clouds
595,Yanam,IN,16.7333,82.2167,79.16,88,100,3.13,overcast clouds
596,Villeneuve-Sur-Lot,FR,44.5,0.6667,68.05,81,0,5.14,clear sky
597,Quatre Cocos,MU,-20.2078,57.7625,70.09,68,100,17.9,overcast clouds
598,Urumqi,CN,43.801,87.6005,74.35,47,0,4.47,clear sky
599,Pacific Grove,US,36.6177,-121.9166,74.01,84,20,10.36,few clouds
600,Iquique,CL,-20.2208,-70.1431,60.84,77,49,2.39,scattered clouds
601,Juneau,US,58.3019,-134.4197,62.6,99,100,10.36,light rain
602,Nokha,IN,27.6,73.4167,82.11,74,100,14.56,overcast clouds
603,Muddebihal,IN,16.3333,76.1333,77.29,79,100,4.68,overcast clouds
604,Atar,MR,20.5169,-13.0499,85.1,54,99,7.52,light rain
605,Baoqing,CN,46.3317,132.2111,82.33,66,100,7.02,overcast clouds
606,Kavaratti,IN,10.5669,72.642,81.12,81,100,20.29,overcast clouds
607,Buckeye,US,33.3703,-112.5838,105.3,41,24,9.51,few clouds
608,Farafangana,MG,-22.8167,47.8333,65.55,91,10,5.48,clear sky
609,Quartucciu,IT,39.2519,9.1794,77.18,64,0,13.8,clear sky
610,Ellsworth,US,44.5434,-68.4195,73.49,65,0,10.36,clear sky
611,Yelizovo,RU,53.1873,158.3805,59.14,87,75,4.47,broken clouds
612,Naze,JP,28.3667,129.4833,83.32,83,89,27.25,light rain
613,Seoul,KR,37.5683,126.9778,83.8,76,75,8.05,light rain
614,Gasa,PS,31.5,34.4667,77.58,72,40,3.38,scattered clouds
615,Fiditi,NG,7.7136,3.9172,69.46,98,100,3.96,light rain
616,Hurghada,EG,27.2574,33.8129,89.64,29,0,16.11,clear sky
617,Tavda,RU,58.0425,65.2726,58.98,95,92,4.45,light rain
618,Skovorodino,RU,53.9833,123.9167,74.79,69,100,6.53,overcast clouds
619,Shelburne,CA,44.0787,-80.2041,68.79,81,0,4.21,clear sky
620,Vanavara,RU,60.34,102.2797,65.3,84,29,5.3,scattered clouds
621,Tamale,GH,9.4008,-0.8393,72.18,95,100,4.5,light rain
622,Saint Anthony,US,45.0205,-93.218,84.09,55,20,13.8,few clouds
623,Zaysan,KZ,47.4667,84.8667,75.47,37,19,4.41,few clouds
624,San Carlos De Bariloche,AR,-41.1456,-71.3082,33.55,75,0,3.44,clear sky
625,Lekoni,GA,-1.5843,14.2591,74.79,62,6,10.18,clear sky
626,Myski,RU,53.709,87.8014,64.63,93,54,1.61,broken clouds
627,Yaan,NG,7.3833,8.5667,70.63,96,100,5.61,overcast clouds
628,Kudahuvadhoo,MV,2.6708,72.8944,78.48,84,100,15.77,heavy intensity rain
629,Ribeira Brava,PT,32.65,-17.0667,73.0,86,5,5.14,clear sky
630,Barra Patuca,HN,15.8,-84.2833,80.15,84,100,12.03,overcast clouds
631,Gat,IL,31.61,34.7642,78.4,83,58,1.12,broken clouds
632,Sisophon,KH,13.5859,102.9737,81.68,79,100,5.41,overcast clouds
633,Qom,IR,34.6401,50.8764,84.72,32,0,12.17,clear sky
634,Bairiki,KI,1.3292,172.9752,86.0,62,20,13.8,few clouds
635,Hovd,MN,48.0056,91.6419,71.11,34,100,2.19,overcast clouds
636,Rudnogorsk,RU,57.2639,103.7519,59.23,99,100,2.55,moderate rain
637,Malabo,GQ,3.75,8.7833,76.86,94,40,9.22,scattered clouds
638,Cockburn Town,TC,21.4612,-71.1419,82.02,86,25,22.24,scattered clouds
639,Horki,BY,54.2861,30.9842,53.15,82,21,6.96,few clouds
640,Pangnirtung,CA,66.1451,-65.7125,57.2,77,100,9.22,light rain
641,Sistranda,NO,63.7256,8.834,57.16,77,100,7.76,light rain
642,Lamu,KE,-2.2717,40.902,73.62,86,28,12.71,light rain
643,Rawlins,US,41.7911,-107.2387,84.09,18,40,3.44,scattered clouds
644,Akyab,MM,20.15,92.9,84.27,76,100,5.59,overcast clouds
645,Otradnoye,RU,59.7775,30.8181,55.96,97,5,4.72,clear sky
646,Kamaishi,JP,39.2667,141.8833,83.35,63,0,4.18,clear sky
647,Chumikan,RU,54.7183,135.315,55.89,96,100,3.29,overcast clouds
648,Inza,RU,53.8533,46.3586,59.74,91,100,4.56,overcast clouds
649,Flin Flon,CA,54.7682,-101.865,60.96,64,100,1.23,overcast clouds
650,Piacabucu,BR,-10.4056,-36.4344,74.25,87,76,8.5,broken clouds
651,Kinablangan,PH,7.6947,126.5503,77.23,89,100,7.43,heavy intensity rain
652,Woodward,US,36.4337,-99.3904,85.23,67,100,12.66,overcast clouds
653,Hambantota,LK,6.1241,81.1185,77.34,100,20,3.44,few clouds
654,Bodaybo,RU,57.8506,114.1933,70.97,74,46,1.92,light rain
655,Kushalgarh,IN,23.199,74.4507,75.83,88,100,6.78,overcast clouds
656,Pangai,TO,-19.8,-174.35,82.51,78,20,13.8,few clouds
657,Bryan,US,30.6744,-96.37,93.22,43,0,20.71,clear sky
658,Passagem Franca,BR,-6.1797,-43.7836,75.38,66,3,1.25,clear sky
659,Gisborne,NZ,-38.6533,178.0042,56.7,57,9,13.24,clear sky
660,Chamalieres,FR,45.7756,3.0631,63.32,68,0,1.14,clear sky
661,Clarence Town,AU,-32.5833,151.7833,62.85,58,100,1.86,overcast clouds
662,Verkhoyansk,RU,67.5447,133.385,74.61,60,99,4.23,overcast clouds
663,Birakan,RU,49.0167,131.7,81.41,59,11,1.12,few clouds
664,Maan,PH,5.9339,124.7356,78.64,87,100,5.44,light rain
665,Belyy Yar,RU,53.6039,91.3903,69.69,68,0,2.24,clear sky
666,Perevoz,RU,55.5961,44.5446,54.72,77,1,5.39,clear sky
667,Sabang,ID,5.8933,95.3214,82.62,75,100,20.11,overcast clouds
668,Port Augusta,AU,-32.5,137.7667,57.36,50,100,11.07,overcast clouds
669,Atherton,GB,53.5237,-2.4935,64.89,96,100,1.99,overcast clouds
670,Sehithwa,BW,-20.4667,22.7167,58.8,28,0,7.56,clear sky
671,Victor Harbor,AU,-35.5667,138.6167,57.0,82,67,1.01,broken clouds
672,Qui Nhon,VN,13.7667,109.2333,84.27,71,34,4.5,scattered clouds
673,Abonnema,NG,4.7084,6.7931,73.36,94,100,4.7,light rain
674,Kashi,CN,39.4547,75.9797,74.41,43,40,13.42,scattered clouds
675,Coihaique,CL,-45.5752,-72.0662,34.41,80,20,3.44,few clouds
676,Canora,CA,51.6333,-102.4343,73.42,94,100,16.53,overcast clouds
677,Labelle,US,26.7617,-81.4384,85.05,65,4,10.89,clear sky
678,Black River,JM,18.0264,-77.8487,81.14,79,20,3.49,few clouds
679,Yaqui,MX,27.3667,-110.1667,88.72,54,14,7.49,few clouds
680,Mushie,CD,-3.0167,16.9,80.87,43,90,3.71,overcast clouds
681,Birao,CF,10.2849,22.7882,70.59,96,78,4.83,broken clouds
682,Uvat,RU,59.1433,68.8953,60.69,93,77,5.41,broken clouds
